student_id,math,english,physics,chemistry
S0001,65,70,72,11
S0002,53,47,78,24
S0003,50,46,25,44
S0004,45,47,45,25
S0005,53,56,62,28
S0006,45,47,45,35
S0007,45,46,49,25
S0008,53,46,59,41
S0009,45,46,45,35
S0010,45,47,67,31
S0011,50,48,59,32
S0012,50,52,53,30
S0013,45,62,55,23
S0014,53,58,52,37
S0015,53,50,42,42
S0016,40,47,62,25
S0017,50,48,70,46
S0018,81,48,45,35
S0019,57,52,74,36
S0020,45,54,59,40
S0021,45,50,60,34
S0022,45,47,66,29
S0023,45,46,58,48
S0024,45,59,51,36
S0025,45,52,77,36
S0026,40,58,60,26
S0027,45,46,61,30
S0028,50,45,46,38
S0029,45,48,52,31
S0030,57,47,63,32
S0031,45,48,53,36
S0032,45,58,55,37
S0033,45,47,60,29
S0034,50,50,62,17
S0035,50,46,51,34
S0036,53,45,40,37
S0037,45,45,58,37
S0038,21,45,62,29
S0039,45,47,62,37
S0040,50,46,51,32
S0041,5,45,62,23
S0042,65,50,55,30
S0043,45,66,42,35
S0044,77,62,52,31
S0045,57,64,59,53
S0046,25,47,53,30
S0047,40,45,74,28
S0048,45,46,52,34
S0049,40,47,50,41
S0050,45,45,58,41
S0051,53,45,67,40
S0052,50,47,67,18
S0053,45,45,66,36
S0054,57,45,40,34
S0055,21,46,60,32
S0056,50,50,58,29
S0057,45,47,55,43
S0058,45,62,51,22
S0059,45,52,70,37
S0060,45,48,41,31
S0061,61,52,62,37
S0062,45,72,53,19
S0063,53,46,62,48
S0064,45,48,40,32
S0065,57,56,77,34
S0066,50,54,55,36
S0067,45,53,58,32
S0068,45,69,60,35
S0069,45,46,45,35
S0070,45,45,58,40
S0071,53,46,59,43
S0072,53,45,66,31
S0073,45,46,70,48
S0074,45,58,53,38
S0075,25,46,77,28
S0076,50,46,63,29
S0077,45,46,50,24
S0078,45,50,51,35
S0079,45,46,45,40
S0080,45,58,60,24
S0081,45,58,66,31
S0082,57,58,45,38
S0083,25,46,53,32
S0084,53,46,63,24
S0085,40,46,55,47
S0086,50,46,45,26
S0087,45,46,76,35
S0088,61,46,46,25
S0089,45,56,59,26
S0090,61,45,45,37
S0091,50,52,46,29
S0092,45,53,62,25
S0093,40,50,51,29
S0094,51,46,45,25
S0095,50,47,51,29
S0096,40,46,45,26
S0097,53,46,51,40
S0098,53,47,46,32
S0099,45,56,66,30
S0100,77,45,55,32
S0101,50,46,52,36
S0102,69,72,55,29
S0103,45,46,60,36
S0104,45,52,51,40
S0105,50,50,60,35
S0106,45,60,66,42
S0107,45,45,59,32
S0108,25,52,69,26
S0109,45,60,55,25
S0110,50,50,46,20
S0111,53,45,45,17
S0112,73,56,40,30
S0113,45,60,40,32
S0114,40,60,52,26
S0115,45,45,55,40
S0116,50,45,46,36
S0117,45,47,66,40
S0118,45,45,60,37
S0119,13,46,66,28
S0120,50,46,62,36
S0121,45,56,49,31
S0122,53,60,60,46
S0123,53,46,53,32
S0124,57,46,74,34
S0125,45,45,55,16
S0126,50,48,58,26
S0127,45,46,40,23
S0128,45,58,46,34
S0129,45,54,42,32
S0130,53,46,58,31
S0131,65,47,55,20
S0132,57,45,53,36
S0133,57,50,40,29
S0134,50,78,60,34
S0135,50,48,51,41
S0136,45,60,58,26
S0137,45,46,67,30
S0138,45,46,46,36
S0139,45,46,52,26
S0140,57,45,60,26
S0141,25,47,46,36
S0142,53,60,46,38
S0143,53,47,60,37
S0144,45,46,63,26
S0145,57,62,62,30
S0146,50,10,46,35
S0147,50,45,52,35
S0148,65,47,61,35
S0149,61,78,59,12
S0150,45,45,59,30
S0151,45,46,27,30
S0152,45,57,52,29
S0153,45,51,52,28
S0154,25,50,51,30
S0155,45,53,50,30
S0156,45,60,52,26
S0157,45,60,52,34
S0158,45,58,46,31
S0159,73,46,58,26
S0160,50,48,53,34
S0161,53,46,46,34
S0162,45,47,58,32
S0163,53,47,58,42
S0164,45,64,55,43
S0165,45,45,69,2
S0166,50,52,70,46
S0167,50,46,13,17
S0168,73,47,74,22
S0169,50,48,40,19
S0170,40,45,41,23
S0171,45,46,40,22
S0172,45,50,42,17
S0173,45,50,41,25
S0174,25,48,40,22
S0175,45,56,45,30
S0176,57,58,41,25
S0177,57,64,52,17
S0178,45,54,45,28
S0179,40,74,40,23
S0180,80,47,50,22
S0181,40,76,42,14
S0182,53,50,41,17
S0183,50,72,40,34
S0184,45,46,40,26
S0185,45,46,58,19
S0186,45,66,46,18
S0187,50,68,40,23
S0188,57,58,40,19
S0189,45,50,42,22
S0190,45,46,40,28
S0191,65,56,41,23
S0192,45,47,50,25
S0193,40,46,42,22
S0194,17,46,45,19
S0195,45,48,41,18
S0196,73,62,40,28
S0197,45,52,40,19
S0198,45,52,50,24
S0199,53,57,40,22
S0200,65,66,45,19
S0201,50,62,41,36
S0202,45,54,40,24
S0203,45,45,60,23
S0204,53,58,45,30
S0205,50,45,42,22
S0206,45,51,52,24
S0207,45,68,41,18
S0208,45,45,45,28
S0209,45,62,40,17
S0210,45,46,50,22
S0211,45,58,40,22
S0212,50,74,41,22
S0213,45,46,41,22
S0214,5,52,41,12
S0215,25,46,41,0
S0216,57,66,27,16
S0217,85,56,0,0
S0218,93,52,40,0
S0219,25,47,0,0
S0220,50,50,0,25
S0221,57,68,0,22
S0222,53,60,55,23
S0223,45,46,41,29
S0224,45,46,42,35
S0225,45,62,51,22
S0226,73,52,59,37
S0227,45,50,41,25
S0228,50,47,62,32
S0229,61,78,45,23
S0230,25,72,55,38
S0231,50,50,42,18
S0232,53,46,63,31
S0233,45,56,40,44
S0234,45,46,53,28
S0235,50,56,72,30
S0236,45,54,50,16
S0237,69,45,52,29
S0238,45,56,40,32
S0239,53,64,51,17
S0240,45,54,55,24
S0241,45,47,40,28
S0242,57,52,45,29
S0243,45,74,50,20
S0244,45,66,51,23
S0245,45,47,40,30
S0246,53,46,42,46
S0247,45,62,52,36
S0248,45,48,74,32
S0249,61,61,60,23
S0250,81,50,55,16
S0251,45,66,42,18
S0252,50,46,40,26
S0253,57,46,40,46
S0254,45,75,46,19
S0255,50,47,74,14
S0256,53,50,40,22
S0257,61,56,40,18
S0258,45,53,41,32
S0259,57,50,40,42
S0260,45,45,55,29
S0261,45,47,69,44
S0262,57,45,51,31
S0263,50,56,72,36
S0264,40,56,53,22
S0265,40,66,60,22
S0266,45,46,41,25
S0267,45,58,41,20
S0268,25,47,45,20
S0269,45,54,40,13
S0270,40,50,40,23
S0271,50,47,28,18
S0272,50,50,42,46
S0273,61,50,40,16
S0274,45,45,74,41
S0275,45,63,40,28
S0276,45,52,67,20
S0277,57,46,50,46
S0278,21,46,40,46
S0279,45,52,74,49
S0280,45,46,74,48
S0281,45,47,79,42
S0282,57,45,77,42
S0283,57,46,69,22
S0284,53,58,69,24
S0285,61,50,41,19
S0286,65,45,45,37
S0287,45,46,40,28
S0288,50,56,62,34
S0289,50,46,50,29
S0290,45,52,58,24
S0291,45,47,51,42
S0292,50,53,45,25
S0293,45,81,69,32
S0294,45,46,45,36
S0295,40,46,55,14
S0296,40,52,60,34
S0297,50,46,40,26
S0298,45,47,58,31
S0299,53,46,46,36
S0300,45,50,53,40
S0301,45,47,60,24
S0302,61,58,66,24
S0303,45,45,45,25
S0304,57,45,45,34
S0305,53,46,45,26
S0306,45,46,58,24
S0307,45,46,46,35
S0308,77,47,45,36
S0309,45,59,59,28
S0310,45,48,60,25
S0311,61,46,51,32
S0312,57,45,46,20
S0313,50,54,55,37
S0314,53,46,40,22
S0315,45,58,63,37
S0316,45,47,41,17
S0317,61,64,63,29
S0318,50,45,40,36
S0319,45,48,52,23
S0320,45,47,61,22
S0321,17,46,42,35
S0322,53,45,42,30
S0323,61,47,59,26
S0324,53,47,53,26
S0325,45,54,47,20
S0326,61,64,47,22
S0327,45,50,40,35
S0328,45,45,40,31
S0329,45,50,59,24
S0330,61,45,54,22
S0331,45,46,45,23
S0332,45,58,42,25
S0333,45,46,42,29
S0334,45,47,46,23
S0335,40,52,51,30
S0336,45,46,43,38
S0337,50,47,52,30
S0338,50,47,64,31
S0339,45,47,52,23
S0340,61,45,54,25
S0341,57,45,43,25
S0342,61,58,46,42
S0343,57,46,45,31
S0344,53,46,69,24
S0345,45,60,54,25
S0346,45,72,45,38
S0347,53,50,46,28
S0348,45,56,64,38
S0349,69,58,51,31
S0350,61,47,63,34
S0351,45,47,54,24
S0352,40,48,58,34
S0353,45,45,45,32
S0354,45,47,59,20
S0355,21,47,55,41
S0356,77,46,40,32
S0357,40,72,67,23
S0358,45,52,55,26
S0359,45,46,43,34
S0360,21,62,47,32
S0361,45,52,59,26
S0362,45,54,55,30
S0363,53,64,47,32
S0364,57,54,52,34
S0365,45,59,56,16
S0366,57,72,58,24
S0367,45,48,40,36
S0368,45,66,45,35
S0369,77,46,60,38
S0370,45,52,59,32
S0371,21,46,64,29
S0372,53,48,56,26
S0373,81,60,51,30
S0374,50,48,47,42
S0375,50,58,53,37
S0376,53,51,69,23
S0377,53,54,62,29
S0378,40,48,42,25
S0379,25,46,52,28
S0380,25,45,46,31
S0381,53,48,51,29
S0382,50,46,54,25
S0383,45,68,52,34
S0384,73,54,46,31
S0385,45,54,58,40
S0386,50,47,53,29
S0387,57,54,66,28
S0388,53,45,53,37
S0389,45,54,51,23
S0390,45,45,62,30
S0391,45,52,42,35
S0392,45,46,52,32
S0393,45,51,59,25
S0394,45,50,55,32
S0395,40,45,46,32
S0396,45,60,56,40
S0397,50,56,55,35
S0398,61,46,66,35
S0399,50,46,59,24
S0400,73,46,60,34
S0401,77,54,45,26
S0402,45,46,58,32
S0403,45,50,47,29
S0404,65,48,55,30
S0405,61,58,51,25
S0406,61,52,52,41
S0407,50,46,46,19
S0408,57,52,67,32
S0409,57,46,40,28
S0410,69,60,55,25
S0411,61,47,50,29
S0412,45,46,46,25
S0413,50,68,50,30
S0414,61,52,47,40
S0415,57,54,52,40
S0416,45,68,66,36
S0417,64,45,65,35
S0418,65,47,60,30
S0419,45,54,60,30
S0420,65,69,53,38
S0421,53,46,54,34
S0422,57,46,64,36
S0423,69,46,58,31
S0424,65,46,61,37
S0425,57,72,53,26
S0426,57,47,63,34
S0427,65,68,48,30
S0428,65,46,58,46
S0429,45,48,53,32
S0430,45,47,74,20
S0431,57,50,56,25
S0432,53,46,40,28
S0433,89,48,46,20
S0434,65,45,50,29
S0435,45,48,40,29
S0436,50,46,52,40
S0437,45,46,53,17
S0438,21,66,66,36
S0439,53,51,40,44
S0440,77,46,61,30
S0441,70,66,72,30
S0442,57,58,53,30
S0443,53,55,52,23
S0444,69,52,53,31
S0445,81,60,42,31
S0446,45,45,54,26
S0447,53,46,55,24
S0448,77,47,47,31
S0449,65,46,45,34
S0450,45,62,53,48
S0451,73,50,58,26
S0452,57,46,77,29
S0453,61,62,47,28
S0454,65,52,51,28
S0455,45,46,51,36
S0456,50,56,52,40
S0457,69,47,61,36
S0458,69,52,66,43
S0459,93,53,61,30
S0460,69,56,71,29
S0461,45,51,53,36
S0462,73,70,52,25
S0463,50,70,60,23
S0464,53,70,46,36
S0465,53,80,43,28
S0466,69,70,60,35
S0467,65,50,50,35
S0468,53,46,59,42
S0469,53,52,60,31
S0470,81,60,70,29
S0471,61,68,54,17
S0472,50,62,54,17
S0473,61,48,40,43
S0474,73,84,40,28
S0475,57,47,70,23
S0476,57,78,51,19
S0477,45,52,43,28
S0478,57,72,40,25
S0479,45,66,50,25
S0480,57,56,46,22
S0481,45,61,47,23
S0482,65,78,42,31
S0483,69,66,45,30
S0484,68,84,54,31
S0485,40,62,54,19
S0486,45,47,54,36
S0487,57,46,40,19
S0488,50,64,60,22
S0489,69,70,40,40
S0490,45,50,43,20
S0491,89,60,67,35
S0492,81,62,40,44
S0493,77,64,60,49
S0494,50,56,73,34
S0495,45,74,79,31
S0496,45,72,59,26
S0497,66,72,54,30
S0498,73,60,47,29
S0499,73,53,53,20
S0500,57,60,52,28
S0501,86,74,40,18
S0502,65,62,50,13
S0503,50,46,40,18
S0504,65,80,37,20
S0505,60,74,40,18
S0506,57,64,41,24
S0507,69,76,41,31
S0508,45,58,46,24
S0509,65,54,53,19
S0510,50,74,45,26
S0511,73,66,40,28
S0512,77,60,47,22
S0513,57,63,50,17
S0514,65,47,43,20
S0515,45,61,40,20
S0516,40,58,43,26
S0517,61,52,40,31
S0518,53,80,49,35
S0519,61,60,53,36
S0520,61,56,59,23
S0521,65,60,59,24
S0522,53,56,45,28
S0523,73,68,46,23
S0524,53,60,49,35
S0525,73,80,43,25
S0526,57,72,60,26
S0527,57,54,48,24
S0528,45,62,47,18
S0529,50,80,45,16
S0530,45,66,41,18
S0531,77,70,40,34
S0532,69,66,43,18
S0533,77,52,59,29
S0534,73,62,41,29
S0535,89,64,53,22
S0536,45,70,52,25
S0537,57,64,47,14
S0538,73,82,46,29
S0539,50,56,40,25
S0540,65,58,52,28
S0541,50,68,48,24
S0542,73,54,52,22
S0543,50,60,49,17
S0544,45,82,42,16
S0545,45,62,40,31
S0546,45,70,40,24
S0547,77,76,54,25
S0548,45,46,49,28
S0549,77,56,48,29
S0550,50,72,49,19
S0551,65,48,51,18
S0552,45,76,40,30
S0553,61,45,40,24
S0554,45,56,53,12
S0555,50,54,45,19
S0556,45,64,36,18
S0557,45,68,40,22
S0558,53,52,43,24
S0559,45,78,45,16
S0560,45,46,45,18
S0561,57,70,40,10
S0562,45,66,40,29
S0563,61,78,30,24
S0564,45,56,51,23
S0565,53,76,45,14
S0566,53,5,43,43
S0567,45,46,40,18
S0568,65,47,70,29
S0569,45,45,40,41
S0570,57,60,51,0
S0571,21,58,67,16
S0572,45,46,26,17
S0573,61,46,40,22
S0574,45,52,40,25
S0575,21,54,42,14
S0576,65,45,46,24
S0577,45,50,40,25
S0578,25,47,45,31
S0579,45,47,45,20
S0580,45,63,53,26
S0581,50,62,40,28
S0582,45,62,47,31
S0583,65,45,49,17
S0584,45,46,53,28
S0585,65,64,40,20
S0586,65,56,49,12
S0587,45,76,40,20
S0588,73,56,32,11
S0589,73,45,40,20
S0590,45,56,31,16
S0591,61,52,41,13
S0592,50,56,40,22
S0593,50,50,34,25
S0594,17,45,43,22
S0595,45,58,47,25
S0596,45,47,43,20
S0597,61,58,46,22
S0598,45,52,41,29
S0599,45,74,42,18
S0600,45,46,51,13
S0601,65,46,40,40
S0602,57,50,32,17
S0603,50,48,67,26
S0604,61,58,40,13
S0605,61,66,46,19
S0606,50,64,33,12
S0607,61,54,40,20
S0608,65,56,32,16
S0609,45,56,40,20
S0610,40,56,40,18
S0611,40,52,41,23
S0612,57,66,40,19
S0613,53,47,45,24
S0614,40,52,40,24
S0615,65,52,45,32
S0616,50,5,45,24
S0617,50,72,55,20
S0618,65,47,45,18
S0619,53,50,40,10
S0620,53,62,40,22
S0621,81,52,30,35
S0622,45,45,42,16
S0623,53,46,59,35
S0624,85,46,40,18
S0625,45,50,60,25
S0626,45,76,37,19
S0627,77,60,46,12
S0628,45,68,40,17
S0629,57,76,32,19
S0630,73,56,40,18
S0631,45,52,40,17
S0632,45,52,39,35
S0633,45,80,40,20
S0634,50,46,60,18
S0635,25,60,40,19
S0636,45,62,39,26
S0637,45,45,40,22
S0638,50,47,47,20
S0639,40,50,42,20
S0640,45,66,40,19
S0641,50,56,40,25
S0642,50,48,40,12
S0643,45,66,46,26
S0644,45,46,32,31
S0645,73,72,49,53
S0646,45,54,54,47
S0647,53,64,84,46
S0648,45,72,68,47
S0649,50,68,58,56
S0650,50,46,45,47
S0651,40,60,52,46
S0652,65,66,72,46
S0653,50,58,62,46
S0654,45,46,45,47
S0655,61,46,58,48
S0656,45,56,72,52
S0657,57,46,62,62
S0658,53,47,62,58
S0659,53,70,65,50
S0660,57,79,45,47
S0661,40,50,62,48
S0662,45,47,58,48
S0663,45,47,65,52
S0664,85,64,52,54
S0665,57,48,75,50
S0666,45,60,65,47
S0667,50,48,78,46
S0668,45,47,72,59
S0669,45,46,45,52
S0670,45,72,78,58
S0671,65,47,68,46
S0672,53,52,52,45
S0673,45,58,48,48
S0674,57,46,55,47
S0675,53,64,58,48
S0676,45,50,72,58
S0677,45,64,45,47
S0678,45,45,52,50
S0679,53,46,88,46
S0680,40,66,48,45
S0681,45,47,68,45
S0682,65,54,85,45
S0683,45,46,55,47
S0684,45,68,75,46
S0685,21,60,55,45
S0686,57,54,68,50
S0687,53,72,55,66
S0688,57,78,78,62
S0689,57,70,75,64
S0690,53,52,48,47
S0691,53,60,82,45
S0692,45,46,65,46
S0693,40,70,32,47
S0694,45,48,75,45
S0695,50,48,45,45
S0696,40,70,45,47
S0697,45,46,68,45
S0698,77,52,58,45
S0699,45,48,75,46
S0700,50,80,62,50
S0701,50,46,52,47
S0702,53,62,58,62
S0703,81,62,58,52
S0704,45,68,68,48
S0705,45,60,62,52
S0706,45,46,58,72
S0707,77,45,58,46
S0708,45,76,22,48
S0709,53,48,62,56
S0710,65,46,65,54
S0711,45,46,58,53
S0712,40,60,78,69
S0713,45,72,45,46
S0714,50,48,62,45
S0715,45,61,62,46
S0716,17,46,65,45
S0717,53,45,68,46
S0718,50,50,58,58
S0719,45,60,48,46
S0720,45,50,68,46
S0721,53,51,55,46
S0722,45,62,45,50
S0723,73,50,62,46
S0724,45,54,65,58
S0725,65,52,45,58
S0726,45,50,55,58
S0727,50,59,45,46
S0728,45,46,55,46
S0729,45,48,65,46
S0730,45,46,52,46
S0731,50,50,65,46
S0732,69,45,48,46
S0733,45,58,65,56
S0734,45,46,55,45
S0735,53,58,85,52
S0736,61,45,65,53
S0737,65,46,48,50
S0738,45,46,65,46
S0739,45,45,65,47
S0740,45,62,65,46
S0741,61,47,45,46
S0742,53,46,65,47
S0743,65,54,58,56
S0744,40,62,68,45
S0745,45,46,48,46
S0746,65,57,65,72
S0747,53,53,58,46
S0748,65,51,45,52
S0749,57,64,68,50
S0750,50,56,45,60
S0751,77,56,72,45
S0752,45,46,45,52
S0753,45,46,45,60
S0754,69,58,45,50
S0755,57,46,62,45
S0756,50,45,77,56
S0757,50,46,55,60
S0758,61,46,55,60
S0759,65,45,58,45
S0760,53,45,65,45
S0761,45,52,52,47
S0762,45,47,62,45
S0763,45,45,58,46
S0764,45,46,48,46
S0765,45,45,45,56
S0766,21,52,45,60
S0767,45,0,65,46
S0768,53,47,48,46
S0769,89,50,72,45
S0770,45,45,48,48
S0771,45,46,68,46
S0772,50,45,45,58
S0773,45,46,45,54
S0774,45,46,48,46
S0775,45,46,55,47
S0776,40,46,48,45
S0777,45,45,52,50
S0778,45,46,52,78
S0779,45,58,48,48
S0780,45,46,47,60
S0781,69,48,55,46
S0782,45,46,63,46
S0783,45,56,45,46
S0784,50,52,45,45
S0785,45,47,52,47
S0786,45,57,72,60
S0787,61,46,53,47
S0788,45,52,72,46
S0789,50,50,52,62
S0790,45,46,48,10
S0791,45,0,78,45
S0792,69,46,28,47
S0793,45,48,58,78
S0794,45,46,55,45
S0795,61,46,65,46
S0796,61,46,59,57
S0797,45,45,45,51
S0798,73,54,59,50
S0799,45,46,62,53
S0800,45,46,45,60
S0801,50,54,58,60
S0802,45,45,62,58
S0803,65,47,68,46
S0804,45,48,45,48
S0805,45,45,58,46
S0806,73,46,75,47
S0807,61,45,52,47
S0808,53,47,45,64
S0809,61,46,85,45
S0810,57,46,62,52
S0811,50,47,72,46
S0812,45,45,62,47
S0813,57,47,48,48
S0814,57,62,62,45
S0815,45,45,45,46
S0816,45,54,72,50
S0817,45,48,65,50
S0818,9,52,45,48
S0819,50,45,82,56
S0820,61,46,58,58
S0821,25,56,52,64
S0822,40,48,47,54
S0823,53,45,55,74
S0824,45,47,78,47
S0825,53,50,62,76
S0826,21,48,45,50
S0827,57,47,65,72
S0828,50,46,65,46
S0829,45,48,55,46
S0830,45,56,45,66
S0831,50,53,68,68
S0832,45,62,48,58
S0833,57,52,52,50
S0834,53,52,45,46
S0835,45,68,55,56
S0836,45,46,72,47
S0837,45,47,52,46
S0838,57,60,65,46
S0839,45,50,62,48
S0840,50,46,59,62
S0841,45,47,55,52
S0842,50,50,62,52
S0843,65,46,53,57
S0844,40,48,72,66
S0845,45,58,47,62
S0846,45,50,55,54
S0847,40,46,48,45
S0848,40,45,53,58
S0849,45,61,48,45
S0850,45,48,45,51
S0851,40,47,45,68
S0852,45,47,55,45
S0853,57,48,55,62
S0854,57,46,45,46
S0855,40,45,52,58
S0856,45,70,75,74
S0857,17,66,55,46
S0858,45,46,65,52
S0859,45,47,75,46
S0860,45,46,48,66
S0861,45,46,68,56
S0862,45,60,49,52
S0863,45,50,45,47
S0864,45,47,68,50
S0865,40,50,45,68
S0866,45,50,72,60
S0867,25,47,72,46
S0868,45,45,65,46
S0869,50,46,62,62
S0870,25,52,39,52
S0871,45,56,48,50
S0872,45,46,45,47
S0873,45,54,75,78
S0874,45,53,48,72
S0875,45,46,62,50
S0876,50,76,45,46
S0877,50,55,45,56
S0878,45,45,45,46
S0879,45,68,45,56
S0880,25,68,48,54
S0881,21,54,5,45
S0882,45,54,22,56
S0883,45,45,72,64
S0884,57,64,58,54
S0885,53,50,45,47
S0886,45,46,52,52
S0887,45,60,52,74
S0888,45,46,51,66
S0889,45,54,52,47
S0890,61,50,45,46
S0891,57,58,75,62
S0892,51,54,52,48
S0893,45,55,52,61
S0894,45,46,45,50
S0895,45,64,45,66
S0896,57,52,58,46
S0897,21,54,72,46
S0898,40,45,47,75
S0899,69,60,62,47
S0900,45,45,55,50
S0901,45,46,45,56
S0902,45,52,45,53
S0903,53,46,52,50
S0904,45,74,62,45
S0905,57,66,65,47
S0906,69,47,55,45
S0907,45,48,58,56
S0908,45,66,62,56
S0909,25,64,45,66
S0910,50,46,51,46
S0911,45,48,45,58
S0912,40,62,45,47
S0913,45,46,72,54
S0914,65,46,55,50
S0915,45,45,45,47
S0916,50,62,45,50
S0917,53,56,58,50
S0918,45,52,48,45
S0919,45,48,32,63
S0920,21,47,45,52
S0921,45,54,45,46
S0922,45,46,72,46
S0923,50,68,32,52
S0924,45,56,59,46
S0925,65,50,47,47
S0926,45,52,45,45
S0927,50,64,65,46
S0928,25,45,48,58
S0929,50,45,78,50
S0930,40,46,32,45
S0931,45,45,45,46
S0932,45,2,53,56
S0933,45,50,49,46
S0934,45,46,72,52
S0935,45,50,45,47
S0936,50,54,68,53
S0937,45,50,52,81
S0938,53,54,52,46
S0939,57,45,48,46
S0940,53,68,28,52
S0941,45,68,68,46
S0942,45,45,51,47
S0943,25,46,45,46
S0944,57,52,45,50
S0945,45,52,25,47
S0946,57,57,58,58
S0947,40,60,73,45
S0948,45,56,45,45
S0949,50,47,72,46
S0950,57,73,48,46
S0951,50,64,52,46
S0952,45,54,52,47
S0953,45,54,62,59
S0954,21,72,68,48
S0955,53,62,32,46
S0956,25,68,58,45
S0957,45,78,45,54
S0958,45,56,55,46
S0959,65,64,48,58
S0960,45,52,45,47
S0961,53,78,58,64
S0962,45,64,58,45
S0963,45,70,65,48
S0964,45,46,57,47
S0965,53,48,55,46
S0966,65,56,55,45
S0967,50,78,55,47
S0968,25,68,45,47
S0969,61,47,58,54
S0970,53,62,52,64
S0971,45,74,55,50
S0972,45,52,59,45
S0973,45,46,48,50
S0974,69,50,45,45
S0975,50,46,58,46
S0976,50,50,45,58
S0977,40,54,58,46
S0978,45,46,45,47
S0979,45,68,52,52
S0980,45,69,41,46
S0981,40,48,68,47
S0982,45,62,58,47
S0983,77,58,45,47
S0984,25,50,65,45
S0985,45,48,48,45
S0986,45,56,48,58
S0987,45,60,28,46
S0988,45,48,58,46
S0989,40,52,48,60
S0990,25,70,45,72
S0991,45,64,55,50
S0992,45,62,45,56
S0993,45,46,45,58
S0994,40,60,67,47
S0995,53,68,58,47
S0996,65,54,45,48
S0997,45,56,65,45
S0998,45,45,55,47
S0999,53,60,58,47
S1000,45,53,45,46
S1001,50,64,45,72
S1002,45,62,55,52
S1003,45,46,32,46
S1004,45,48,45,62
S1005,40,45,65,52
S1006,45,47,45,54
S1007,45,62,69,64
S1008,45,57,59,54
S1009,45,53,53,59
S1010,45,50,52,72
S1011,53,46,45,48
S1012,53,60,53,66
S1013,45,54,52,46
S1014,5,56,45,52
S1015,40,45,45,46
S1016,5,48,48,48
S1017,61,47,68,60
S1018,45,48,52,48
S1019,45,48,68,58
S1020,45,56,51,51
S1021,25,71,68,54
S1022,57,52,45,48
S1023,61,54,47,46
S1024,57,45,45,45
S1025,45,46,61,48
S1026,25,56,65,46
S1027,45,45,52,68
S1028,45,56,55,54
S1029,45,46,52,54
S1030,45,70,45,47
S1031,50,48,48,54
S1032,45,52,58,45
S1033,25,46,48,54
S1034,53,45,82,45
S1035,25,48,55,52
S1036,45,58,53,46
S1037,45,46,45,51
S1038,40,46,45,50
S1039,53,46,45,45
S1040,61,46,55,60
S1041,65,78,55,56
S1042,50,46,53,46
S1043,50,46,45,46
S1044,45,46,48,46
S1045,45,78,48,54
S1046,45,46,37,46
S1047,45,46,62,50
S1048,45,47,65,48
S1049,45,46,62,58
S1050,50,45,32,52
S1051,69,47,45,46
S1052,53,46,52,52
S1053,53,46,72,46
S1054,50,46,45,60
S1055,45,45,61,47
S1056,53,58,55,46
S1057,45,48,85,68
S1058,45,53,58,52
S1059,53,46,61,54
S1060,40,46,68,68
S1061,45,54,62,45
S1062,45,66,45,47
S1063,57,46,45,54
S1064,45,46,52,69
S1065,45,52,45,46
S1066,45,80,48,46
S1067,50,46,45,46
S1068,45,47,59,46
S1069,45,46,28,72
S1070,45,66,52,47
S1071,50,46,25,68
S1072,45,46,48,46
S1073,25,46,58,48
S1074,61,46,45,47
S1075,53,46,55,50
S1076,45,48,61,46
S1077,57,50,48,48
S1078,45,62,82,45
S1079,45,45,47,48
S1080,45,50,45,46
S1081,45,47,58,46
S1082,50,46,65,66
S1083,45,54,67,51
S1084,53,50,45,46
S1085,50,46,18,66
S1086,25,45,65,58
S1087,45,46,45,55
S1088,45,45,58,52
S1089,57,47,48,60
S1090,57,46,65,45
S1091,45,45,55,46
S1092,50,46,45,47
S1093,65,47,52,46
S1094,45,14,45,62
S1095,45,46,65,50
S1096,50,45,45,46
S1097,50,54,62,62
S1098,61,47,45,52
S1099,45,46,48,46
S1100,45,46,68,56
S1101,45,46,55,47
S1102,45,48,45,52
S1103,77,45,62,53
S1104,69,48,62,56
S1105,45,46,52,51
S1106,57,47,62,70
S1107,45,45,48,70
S1108,61,47,45,70
S1109,45,47,68,80
S1110,45,46,55,70
S1111,45,50,55,50
S1112,65,46,58,46
S1113,53,46,68,52
S1114,53,56,58,60
S1115,45,50,48,68
S1116,81,47,48,62
S1117,45,52,55,48
S1118,65,45,45,84
S1119,57,48,78,47
S1120,40,45,65,78
S1121,45,54,62,52
S1122,45,52,68,72
S1123,65,45,68,66
S1124,53,52,62,56
S1125,25,68,28,61
S1126,45,46,52,78
S1127,77,45,52,66
S1128,93,45,75,84
S1129,50,46,68,62
S1130,81,45,52,47
S1131,73,46,48,46
S1132,50,50,45,64
S1133,45,45,28,70
S1134,45,45,58,50
S1135,45,68,58,60
S1136,69,45,58,62
S1137,50,46,65,64
S1138,40,46,68,56
S1139,50,46,75,74
S1140,57,46,62,72
S1141,45,45,45,72
S1142,61,48,58,60
S1143,53,60,45,53
S1144,45,46,48,60
S1145,45,46,45,74
S1146,45,50,58,62
S1147,45,46,55,46
S1148,45,46,45,80
S1149,40,46,55,74
S1150,45,46,68,64
S1151,45,52,45,76
S1152,45,45,62,58
S1153,57,57,55,54
S1154,77,46,58,74
S1155,45,46,65,66
S1156,45,46,32,60
S1157,53,62,55,63
S1158,45,45,52,47
S1159,45,64,72,61
S1160,50,46,62,58
S1161,50,62,75,52
S1162,45,46,45,80
S1163,45,54,62,60
S1164,45,48,58,56
S1165,45,46,48,60
S1166,45,54,68,56
S1167,45,52,55,68
S1168,45,50,65,60
S1169,45,52,45,80
S1170,45,48,52,72
S1171,45,60,48,54
S1172,45,50,48,62
S1173,50,46,48,80
S1174,45,45,58,66
S1175,45,48,58,70
S1176,45,46,52,66
S1177,45,48,48,52
S1178,45,46,55,62
S1179,61,48,58,64
S1180,53,58,55,70
S1181,45,45,75,64
S1182,45,46,75,82
S1183,57,45,52,56
S1184,65,46,52,58
S1185,45,50,68,68
S1186,45,78,72,54
S1187,77,46,58,60
S1188,45,66,28,82
S1189,50,45,45,62
S1190,53,60,48,70
S1191,45,52,82,76
S1192,25,50,45,46
S1193,57,60,75,56
S1194,45,54,58,72
S1195,40,58,48,48
S1196,65,58,55,76
S1197,73,60,45,45
S1198,45,46,68,56
S1199,50,60,48,54
S1200,53,60,52,64
S1201,45,48,32,68
S1202,53,70,45,52
S1203,45,72,52,78
S1204,73,60,68,46
S1205,45,50,55,70
S1206,53,46,58,66
S1207,45,70,45,78
S1208,50,54,32,56
S1209,45,46,45,76
S1210,61,46,48,5
S1211,57,70,45,46
S1212,61,46,58,47
S1213,57,48,55,45
S1214,58,52,58,60
S1215,57,72,45,58
S1216,61,50,45,46
S1217,62,45,61,46
S1218,53,46,45,52
S1219,40,72,53,54
S1220,45,54,48,45
S1221,61,60,45,50
S1222,53,50,45,47
S1223,53,50,43,47
S1224,45,47,32,63
S1225,45,58,45,62
S1226,57,54,53,62
S1227,65,48,58,45
S1228,45,70,75,46
S1229,50,45,45,64
S1230,69,69,45,56
S1231,61,64,45,76
S1232,57,56,45,56
S1233,77,46,45,45
S1234,81,66,45,56
S1235,77,58,45,52
S1236,57,46,45,56
S1237,73,47,45,50
S1238,40,45,51,45
S1239,61,62,45,58
S1240,45,46,45,47
S1241,85,54,45,58
S1242,61,54,45,52
S1243,45,60,32,74
S1244,81,46,59,46
S1245,45,62,65,46
S1246,53,70,39,50
S1247,45,56,45,48
S1248,50,47,45,58
S1249,53,46,61,66
S1250,45,48,45,64
S1251,45,62,62,54
S1252,45,48,41,56
S1253,65,46,58,56
S1254,57,60,55,56
S1255,45,56,45,52
S1256,77,46,60,66
S1257,69,64,49,47
S1258,45,62,55,52
S1259,45,46,5,52
S1260,45,50,55,5
S1261,45,46,52,72
S1262,45,50,48,47
S1263,45,58,55,50
S1264,45,74,32,62
S1265,61,56,45,52
S1266,50,46,25,45
S1267,45,68,45,46
S1268,45,60,68,46
S1269,45,45,61,50
S1270,65,54,45,76
S1271,45,60,61,60
S1272,45,56,55,68
S1273,61,48,49,76
S1274,57,56,45,56
S1275,53,60,49,52
S1276,45,60,32,52
S1277,50,50,55,80
S1278,40,45,53,46
S1279,53,47,52,60
S1280,25,58,45,62
S1281,45,48,49,45
S1282,45,46,28,47
S1283,45,52,48,50
S1284,50,50,48,66
S1285,45,47,45,56
S1286,45,46,45,48
S1287,45,50,45,66
S1288,53,50,65,46
S1289,45,66,45,72
S1290,45,45,48,54
S1291,40,56,45,64
S1292,45,50,55,72
S1293,25,58,45,68
S1294,85,46,28,46
S1295,45,46,51,60
S1296,53,48,32,66
S1297,53,46,45,58
S1298,45,64,61,46
S1299,45,48,57,46
S1300,45,65,22,56
S1301,45,48,28,46
S1302,65,54,45,47
S1303,50,66,37,70
S1304,53,64,45,79
S1305,65,46,32,50
S1306,57,46,45,47
S1307,40,56,48,47
S1308,45,50,45,64
S1309,45,64,55,48
S1310,45,45,52,60
S1311,45,46,45,48
S1312,45,66,45,47
S1313,45,60,52,46
S1314,45,48,49,72
S1315,61,52,53,47
S1316,40,56,45,52
S1317,40,45,51,58
S1318,57,58,55,46
S1319,45,50,62,64
S1320,45,75,43,50
S1321,50,58,48,64
S1322,53,0,48,45
S1323,45,46,45,46
S1324,45,47,32,66
S1325,45,45,45,47
S1326,57,46,45,54
S1327,69,45,45,46
S1328,45,64,45,68
S1329,25,45,45,60
S1330,45,46,39,54
S1331,53,48,45,72
S1332,45,48,25,78
S1333,45,64,45,70
S1334,61,50,32,52
S1335,45,45,45,60
S1336,53,64,48,46
S1337,45,64,5,70
S1338,45,46,5,48
S1339,45,67,11,48
S1340,45,58,24,70
S1341,69,62,44,46
S1342,53,45,25,52
S1343,45,52,28,48
S1344,45,46,35,80
S1345,45,56,25,46
S1346,45,50,41,62
S1347,45,50,35,62
S1348,53,60,31,68
S1349,21,46,32,60
S1350,45,46,30,46
S1351,45,48,23,45
S1352,45,45,37,76
S1353,45,30,42,48
S1354,57,26,25,46
S1355,45,53,46,46
S1356,45,46,35,60
S1357,45,45,36,72
S1358,45,50,40,48
S1359,45,45,34,61
S1360,45,26,29,46
S1361,57,46,48,45
S1362,57,56,36,50
S1363,73,50,36,60
S1364,45,46,26,50
S1365,53,45,30,51
S1366,45,47,38,62
S1367,53,46,31,50
S1368,45,46,32,54
S1369,53,54,36,52
S1370,57,46,37,50
S1371,45,46,29,59
S1372,53,46,17,46
S1373,45,45,34,48
S1374,45,45,37,46
S1375,45,46,37,50
S1376,45,45,29,45
S1377,57,46,37,58
S1378,45,45,32,46
S1379,40,45,23,58
S1380,50,52,30,45
S1381,53,47,35,46
S1382,45,46,31,46
S1383,45,28,53,45
S1384,45,46,30,62
S1385,45,48,28,47
S1386,45,53,34,46
S1387,53,45,41,54
S1388,53,46,41,62
S1389,45,47,40,46
S1390,45,45,18,57
S1391,45,46,36,53
S1392,53,45,34,51
S1393,40,45,32,64
S1394,65,46,29,56
S1395,45,46,43,56
S1396,45,46,22,46
S1397,61,46,37,46
S1398,50,56,31,58
S1399,45,45,37,46
S1400,40,52,19,45
S1401,53,47,48,46
S1402,45,46,32,46
S1403,45,46,34,45
S1404,50,72,36,45
S1405,45,47,32,52
S1406,53,45,35,47
S1407,45,46,35,45
S1408,45,53,40,46
S1409,65,46,43,45
S1410,45,47,31,52
S1411,25,48,48,0
S1412,45,76,38,47
S1413,45,64,28,50
S1414,45,46,29,45
S1415,53,47,24,46
S1416,57,47,35,45
S1417,50,46,40,46
S1418,50,60,24,46
S1419,45,46,31,46
S1420,40,46,38,46
S1421,61,45,32,45
S1422,45,54,24,46
S1423,50,50,47,58
S1424,50,45,26,46
S1425,45,54,35,48
S1426,53,50,25,46
S1427,50,45,26,56
S1428,61,46,37,52
S1429,40,45,29,47
S1430,57,46,25,57
S1431,50,47,29,46
S1432,25,46,25,52
S1433,40,47,29,50
S1434,45,46,26,46
S1435,25,24,40,0
S1436,61,46,32,46
S1437,50,45,30,48
S1438,45,50,32,46
S1439,45,45,36,46
S1440,25,46,29,46
S1441,45,48,36,45
S1442,45,51,40,54
S1443,53,57,35,46
S1444,50,63,42,46
S1445,45,50,32,54
S1446,81,48,26,45
S1447,53,53,25,47
S1448,45,66,20,48
S1449,45,45,17,45
S1450,50,47,30,46
S1451,45,47,32,45
S1452,50,48,26,47
S1453,25,45,40,46
S1454,45,46,36,46
S1455,50,56,40,47
S1456,45,50,37,45
S1457,45,46,28,47
S1458,45,52,36,62
S1459,57,46,31,45
S1460,45,52,46,54
S1461,25,46,32,48
S1462,65,56,34,52
S1463,50,56,16,45
S1464,50,64,26,46
S1465,65,50,23,56
S1466,45,46,34,48
S1467,45,45,32,45
S1468,50,45,31,47
S1469,50,72,20,50
S1470,45,45,36,48
S1471,45,70,29,47
S1472,50,46,34,46
S1473,45,45,41,48
S1474,73,46,26,56
S1475,50,50,30,53
S1476,50,58,36,62
S1477,5,47,26,52
S1478,45,64,26,52
S1479,50,52,36,68
S1480,57,45,38,46
S1481,57,45,37,47
S1482,40,60,26,60
S1483,53,46,30,50
S1484,45,48,35,46
S1485,57,46,35,47
S1486,57,50,35,50
S1487,45,64,12,46
S1488,45,45,30,48
S1489,45,48,30,58
S1490,50,64,29,50
S1491,25,46,28,46
S1492,50,52,30,45
S1493,45,46,30,61
S1494,45,46,26,48
S1495,45,45,34,47
S1496,45,46,31,47
S1497,45,54,26,48
S1498,45,78,34,46
S1499,45,45,34,45
S1500,65,58,32,70
S1501,61,46,42,66
S1502,40,66,43,46
S1503,40,52,2,47
S1504,45,56,46,46
S1505,57,60,17,46
S1506,50,50,22,60
S1507,17,53,19,50
S1508,65,46,23,47
S1509,45,45,22,50
S1510,53,46,17,50
S1511,57,46,25,47
S1512,45,46,22,45
S1513,45,47,30,46
S1514,45,46,25,52
S1515,50,62,17,56
S1516,61,58,28,46
S1517,57,47,23,54
S1518,77,45,22,53
S1519,57,45,14,46
S1520,50,46,17,76
S1521,89,46,34,55
S1522,57,46,26,45
S1523,50,48,19,68
S1524,57,68,18,68
S1525,89,46,23,54
S1526,45,62,19,54
S1527,45,46,22,45
S1528,45,56,28,64
S1529,25,66,23,50
S1530,45,46,25,46
S1531,57,56,22,60
S1532,21,45,19,46
S1533,45,46,18,54
S1534,53,50,28,50
S1535,61,56,19,58
S1536,45,50,24,54
S1537,45,45,22,55
S1538,45,51,19,46
S1539,45,62,36,64
S1540,45,46,24,52
S1541,45,45,23,54
S1542,57,46,30,45
S1543,45,68,22,60
S1544,61,46,24,45
S1545,45,50,18,46
S1546,61,46,28,52
S1547,65,54,17,46
S1548,45,46,22,74
S1549,61,56,22,66
S1550,69,56,22,47
S1551,45,45,22,48
S1552,45,52,12,66
S1553,65,48,0,64
S1554,45,45,16,46
S1555,50,50,0,48
S1556,50,45,0,62
S1557,45,46,0,46
S1558,40,46,25,46
S1559,50,50,22,45
S1560,50,47,23,62
S1561,45,45,29,56
S1562,69,46,35,52
S1563,65,47,22,48
S1564,45,45,37,47
S1565,45,47,25,54
S1566,45,46,32,46
S1567,45,54,23,68
S1568,61,48,38,56
S1569,45,58,18,50
S1570,61,45,31,52
S1571,45,52,44,64
S1572,50,58,28,45
S1573,21,56,30,45
S1574,45,56,16,46
S1575,50,70,29,45
S1576,45,58,32,2
S1577,45,46,17,50
S1578,89,52,24,46
S1579,69,0,28,50
S1580,65,45,29,54
S1581,50,46,20,50
S1582,45,46,23,54
S1583,65,46,30,45
S1584,45,76,46,68
S1585,65,68,36,68
S1586,45,58,32,45
S1587,45,45,23,46
S1588,53,52,16,52
S1589,40,72,18,52
S1590,69,62,26,57
S1591,45,45,46,60
S1592,50,58,19,56
S1593,50,72,14,47
S1594,25,62,22,73
S1595,61,62,18,64
S1596,45,65,32,54
S1597,69,45,42,54
S1598,45,62,29,72
S1599,45,58,44,62
S1600,45,65,31,68
S1601,45,52,36,78
S1602,25,75,22,56
S1603,50,65,22,64
S1604,61,78,25,52
S1605,45,72,20,78
S1606,57,45,20,64
S1607,81,78,13,70
S1608,73,68,23,46
S1609,65,52,18,48
S1610,45,48,46,56
S1611,45,55,16,78
S1612,25,58,41,68
S1613,53,72,28,47
S1614,25,45,20,62
S1615,45,52,46,74
S1616,25,88,46,52
S1617,45,48,49,46
S1618,61,68,48,50
S1619,50,85,42,46
S1620,50,55,42,50
S1621,45,75,22,54
S1622,61,55,24,46
S1623,57,68,19,68
S1624,40,55,37,69
S1625,50,78,28,48
S1626,45,75,34,62
S1627,25,48,29,58
S1628,51,82,24,50
S1629,45,65,42,48
S1630,57,32,25,56
S1631,45,75,32,60
S1632,57,45,36,48
S1633,57,45,14,52
S1634,81,68,34,70
S1635,50,58,26,64
S1636,50,75,31,62
S1637,69,62,36,46
S1638,53,52,40,60
S1639,45,58,24,68
S1640,53,58,24,54
S1641,45,68,25,56
S1642,45,62,34,45
S1643,40,58,26,60
S1644,45,58,24,53
S1645,45,22,35,64
S1646,57,62,36,62
S1647,45,65,28,46
S1648,69,58,25,48
S1649,45,78,32,45
S1650,45,45,20,47
S1651,61,62,37,62
S1652,53,62,22,57
S1653,45,65,37,53
S1654,50,68,17,50
S1655,53,58,29,46
S1656,51,48,36,60
S1657,57,68,23,54
S1658,45,55,22,56
S1659,45,45,35,45
S1660,53,62,30,48
S1661,81,65,26,47
S1662,25,45,26,48
S1663,45,55,20,48
S1664,53,45,22,56
S1665,45,55,35,71
S1666,45,65,31,52
S1667,50,52,24,54
S1668,45,65,22,45
S1669,45,48,23,46
S1670,45,65,25,56
S1671,57,55,29,45
S1672,61,85,23,56
S1673,65,65,30,46
S1674,45,48,38,70
S1675,40,65,30,48
S1676,57,65,31,52
S1677,45,65,23,46
S1678,40,45,25,45
S1679,50,65,25,48
S1680,45,58,42,58
S1681,53,68,31,46
S1682,53,48,24,46
S1683,21,65,25,46
S1684,45,58,38,46
S1685,53,45,28,78
S1686,25,68,38,46
S1687,53,45,31,46
S1688,45,72,34,46
S1689,53,45,24,78
S1690,57,45,34,46
S1691,45,45,32,46
S1692,69,62,20,47
S1693,53,77,41,46
S1694,50,55,32,45
S1695,45,55,23,47
S1696,50,58,26,46
S1697,45,65,34,46
S1698,50,52,32,46
S1699,45,62,26,45
S1700,45,58,30,58
S1701,21,48,32,48
S1702,45,45,34,53
S1703,45,45,16,46
S1704,65,65,24,46
S1705,45,48,36,54
S1706,50,72,35,66
S1707,45,48,38,46
S1708,45,68,32,46
S1709,17,45,29,52
S1710,45,45,26,80
S1711,45,48,30,46
S1712,45,55,42,47
S1713,61,48,37,46
S1714,45,52,23,66
S1715,45,52,29,46
S1716,45,48,25,46
S1717,57,47,28,46
S1718,45,55,31,46
S1719,50,63,29,46
S1720,69,45,25,48
S1721,40,45,34,50
S1722,50,52,31,62
S1723,45,72,40,45
S1724,53,53,29,50
S1725,53,72,28,47
S1726,45,52,37,46
S1727,50,48,23,54
S1728,45,78,30,50
S1729,45,28,35,46
S1730,45,58,32,45
S1731,65,55,25,46
S1732,57,65,32,45
S1733,61,59,32,47
S1734,61,45,40,46
S1735,45,59,35,45
S1736,53,62,35,46
S1737,45,45,24,47
S1738,45,58,34,14
S1739,45,62,26,46
S1740,40,68,32,45
S1741,57,45,29,54
S1742,57,58,30,47
S1743,50,75,25,46
S1744,45,52,41,46
S1745,50,45,19,46
S1746,40,85,32,48
S1747,65,62,28,45
S1748,45,72,25,48
S1749,25,62,29,46
S1750,45,48,25,47
S1751,53,62,30,45
S1752,73,45,40,47
S1753,45,72,40,47
S1754,53,65,36,46
S1755,45,45,35,50
S1756,45,82,30,46
S1757,50,58,30,46
S1758,50,52,38,56
S1759,45,47,34,50
S1760,25,55,36,47
S1761,45,78,31,52
S1762,57,62,37,45
S1763,45,45,26,48
S1764,50,65,34,45
S1765,52,65,30,54
S1766,50,55,46,52
S1767,53,45,32,45
S1768,45,68,20,52
S1769,57,48,25,68
S1770,57,52,28,46
S1771,53,45,20,45
S1772,85,55,29,45
S1773,73,72,29,46
S1774,53,52,40,45
S1775,53,65,17,46
S1776,5,62,36,50
S1777,57,59,44,45
S1778,45,55,30,45
S1779,50,62,30,68
S1780,45,53,30,45
S1781,50,72,23,46
S1782,45,47,31,46
S1783,45,55,31,46
S1784,25,48,26,46
S1785,45,53,24,45
S1786,45,48,31,48
S1787,45,45,34,60
S1788,73,45,48,46
S1789,50,55,26,46
S1790,50,55,29,50
S1791,17,45,28,46
S1792,45,52,28,46
S1793,53,75,36,46
S1794,45,55,40,46
S1795,45,65,36,52
S1796,45,75,43,45
S1797,53,48,30,57
S1798,45,68,29,46
S1799,61,49,36,46
S1800,61,45,25,46
S1801,53,68,23,62
S1802,65,45,36,45
S1803,73,72,28,64
S1804,45,72,35,46
S1805,45,65,35,62
S1806,53,62,42,46
S1807,45,39,31,54
S1808,53,48,29,48
S1809,57,45,17,46
S1810,61,75,17,54
S1811,53,48,43,52
S1812,25,62,28,50
S1813,45,45,23,52
S1814,45,45,19,48
S1815,45,45,28,60
S1816,57,45,25,50
S1817,53,48,25,46
S1818,45,5,22,45
S1819,45,22,23,48
S1820,61,72,31,46
S1821,45,58,30,48
S1822,45,45,31,46
S1823,45,52,19,48
S1824,17,52,36,58
S1825,45,51,19,45
S1826,40,52,22,46
S1827,45,45,40,45
S1828,50,75,20,46
S1829,50,52,35,50